text,label
Non voluptatem voluptatem eius porro non.,negative
Tempora est sit dolor.,positive
Dolore neque quisquam numquam numquam aliquam.,positive
Neque ipsum aliquam dolor modi modi quaerat dolorem.,positive
Ipsum quaerat sed eius.,negative
Modi dolor dolorem voluptatem.,negative
Etincidunt labore quaerat ipsum quaerat.,positive
Ipsum dolore ut voluptatem dolore ipsum.,negative
Dolorem magnam eius dolore consectetur magnam.,positive
Velit dolorem quisquam numquam aliquam aliquam aliquam est.,negative
Tempora adipisci neque amet est.,positive
Quaerat ipsum dolore etincidunt.,positive
Sed magnam dolore etincidunt ut.,positive
Eius adipisci dolor labore ut.,positive
Modi dolor dolore modi modi labore.,negative
Labore quisquam voluptatem non consectetur.,positive
Magnam etincidunt dolore numquam voluptatem quaerat quisquam dolorem.,negative
Aliquam quaerat ut quaerat.,positive
Sit labore dolore consectetur est dolor est adipisci.,positive
Amet neque dolore quaerat.,positive
Dolor ut non quiquia modi labore.,positive
Tempora modi labore eius ut numquam non dolor.,positive
Voluptatem consectetur amet est.,negative
Eius neque non labore etincidunt etincidunt eius.,positive
Velit quisquam velit dolore labore quisquam.,positive
Velit amet est magnam.,negative
Tempora consectetur tempora neque eius quiquia labore.,negative
Voluptatem ut porro sed tempora non consectetur porro.,positive
Velit voluptatem aliquam velit voluptatem dolore.,positive
Dolorem modi magnam sed amet.,positive
Etincidunt labore sit sed adipisci sed.,negative
Magnam tempora dolore quiquia sed dolorem.,negative
Quaerat consectetur modi amet.,negative
Eius dolorem tempora est non.,negative
Sit numquam quisquam non.,negative
Quisquam quisquam eius tempora dolorem porro sed.,positive
Amet dolorem dolorem quisquam velit ut aliquam.,positive
Tempora sed ipsum modi porro est.,negative
Quaerat voluptatem non consectetur ipsum aliquam labore.,negative
Aliquam modi aliquam labore consectetur adipisci.,positive
Consectetur consectetur tempora neque porro est est.,positive
Quaerat aliquam consectetur porro quisquam.,negative
Velit quiquia est dolore consectetur est aliquam.,positive
Amet etincidunt porro modi quiquia eius tempora.,negative
Quaerat consectetur dolor voluptatem.,negative
Consectetur quisquam quiquia amet sit eius.,negative
Porro non labore non.,negative
Neque neque numquam amet.,positive
Voluptatem consectetur dolore sed magnam ut magnam sed.,negative
Sed aliquam sed etincidunt tempora.,positive
Ut ut quisquam dolor amet amet adipisci voluptatem.,negative
Ipsum tempora sit non numquam labore.,negative
Ipsum dolore consectetur tempora voluptatem etincidunt.,negative
Porro est amet labore quaerat labore.,positive
Est ipsum sit eius adipisci est neque tempora.,positive
Quaerat ipsum magnam voluptatem dolore labore dolorem.,positive
Non aliquam quisquam porro eius.,negative
Eius adipisci quiquia velit.,negative
Neque magnam etincidunt quaerat velit sit dolore dolore.,negative
Aliquam non etincidunt dolor aliquam ut tempora ut.,positive
Ipsum dolorem amet quiquia porro eius porro.,negative
Aliquam dolorem velit consectetur.,positive
Voluptatem magnam quaerat dolorem.,positive
Dolorem consectetur sed neque sit ipsum sit.,positive
Porro amet dolorem consectetur.,negative
Quaerat ut ipsum aliquam.,negative
Quisquam dolor adipisci modi labore quiquia non.,positive
Quisquam dolore dolore adipisci numquam.,positive
Aliquam voluptatem modi magnam neque velit.,positive
Sit modi amet tempora aliquam neque consectetur.,positive
Dolor amet modi quaerat quiquia.,negative
Sit voluptatem etincidunt voluptatem ipsum dolorem sit est.,negative
Quiquia aliquam aliquam non sit numquam labore.,positive
Dolore ipsum est numquam ipsum.,positive
Dolorem neque adipisci tempora neque est.,negative
Quisquam ipsum numquam neque eius porro voluptatem.,positive
Sit quisquam eius velit aliquam ipsum.,positive
Non quiquia modi sed quisquam.,negative
Amet etincidunt numquam magnam.,positive
Dolorem est adipisci sit adipisci modi magnam.,negative
Etincidunt voluptatem voluptatem dolor non.,positive
Labore quiquia sit sed ut amet quiquia.,positive
Quisquam dolor consectetur adipisci voluptatem aliquam sed.,positive
Porro voluptatem quisquam non quiquia dolorem non.,negative
Neque ipsum porro est ipsum eius amet.,negative
Non ut quaerat magnam.,negative
Quisquam dolor est sit ut quaerat adipisci.,negative
Modi non quiquia neque magnam.,negative
Dolor quaerat ipsum modi porro.,negative
Dolor quaerat eius consectetur sit.,positive
Est ut ipsum porro sit.,negative
Modi velit magnam consectetur quiquia neque.,positive
Voluptatem neque consectetur porro magnam.,positive
Est tempora aliquam numquam.,positive
Magnam quisquam quaerat sit neque numquam porro modi.,negative
Modi eius neque amet sed.,negative
Est tempora magnam eius velit.,positive
Magnam adipisci dolor velit eius dolorem.,negative
Etincidunt tempora est labore porro velit dolorem non.,positive
Dolorem voluptatem ipsum est neque.,negative
Magnam velit sit quisquam quiquia amet etincidunt labore.,positive
Numquam neque dolor quiquia quaerat.,negative
Dolor labore quaerat consectetur.,positive
Sit modi sed non porro.,positive
Amet tempora ut est magnam.,negative
Adipisci est ut dolor tempora non.,positive
Etincidunt labore ipsum amet consectetur tempora adipisci.,negative
Sit quiquia dolore est etincidunt velit labore.,positive
Eius consectetur aliquam eius.,positive
Ut tempora ipsum etincidunt quisquam adipisci.,positive
Dolorem ut labore adipisci magnam dolor est.,negative
Ut quaerat ut ut sed.,negative
Quaerat voluptatem modi dolore ut.,negative
Quaerat non magnam consectetur dolor.,negative
Numquam quisquam magnam eius.,negative
Voluptatem dolor sed etincidunt.,negative
Quisquam dolorem eius quisquam.,negative
Quisquam est voluptatem sit porro adipisci.,positive
Sed labore consectetur etincidunt numquam non consectetur.,negative
Velit dolore etincidunt amet consectetur consectetur voluptatem sit.,negative
Tempora non adipisci quisquam aliquam non consectetur.,negative
Etincidunt velit sed velit.,negative
Modi sit quiquia ut non voluptatem magnam adipisci.,negative
Adipisci dolore neque numquam dolorem.,negative
Quaerat velit velit est quiquia.,positive
Est dolorem magnam neque dolore magnam.,negative
Amet est amet quisquam.,positive
Ut neque quisquam sed consectetur eius ipsum velit.,positive
Etincidunt quisquam dolorem dolorem labore.,negative
Eius ipsum adipisci sit dolore sed consectetur etincidunt.,positive
Ut labore etincidunt ipsum.,positive
Voluptatem ipsum amet voluptatem.,negative
Dolorem etincidunt voluptatem aliquam numquam velit dolor.,negative
Sed amet est modi sit ipsum modi sit.,positive
Neque modi labore voluptatem porro dolor.,positive
Est etincidunt labore ipsum consectetur eius tempora.,positive
Sit consectetur labore etincidunt quisquam quiquia modi.,negative
Quaerat amet eius adipisci aliquam.,negative
Etincidunt numquam etincidunt numquam numquam tempora tempora magnam.,negative
Neque adipisci sit dolor adipisci neque.,positive
Modi est non velit amet labore neque labore.,negative
Porro quisquam aliquam est dolor etincidunt neque.,negative
Modi dolorem magnam tempora dolor tempora labore.,negative
Voluptatem velit etincidunt ipsum quisquam numquam dolor.,negative
Est quisquam eius est.,positive
Ut consectetur eius dolorem.,positive
Tempora dolorem quaerat dolorem.,positive
Non numquam tempora aliquam sed neque ut ipsum.,negative
Ut ipsum adipisci neque porro consectetur.,positive
Tempora etincidunt ipsum quiquia quiquia aliquam.,negative
Eius sed aliquam aliquam ut ipsum.,positive
Quiquia numquam est sit aliquam.,positive
Eius eius sit quiquia quisquam dolorem adipisci aliquam.,negative
Dolorem est quaerat dolore etincidunt ut quaerat quiquia.,positive
Amet adipisci ipsum non numquam voluptatem numquam ut.,positive
Quisquam numquam sed dolor.,positive
Dolorem dolor neque quiquia labore ut.,negative
Numquam labore quaerat velit aliquam etincidunt ut voluptatem.,positive
Labore porro porro quiquia modi.,negative
Velit sed quisquam voluptatem.,positive
Ipsum etincidunt ipsum numquam etincidunt sit velit.,negative
Voluptatem dolorem porro porro numquam non eius.,positive
Modi ut neque sit.,negative
Ut quisquam dolore ut non magnam.,negative
Dolor dolorem numquam quisquam dolore.,negative
Dolor non velit dolorem aliquam porro porro.,negative
Consectetur est numquam quiquia eius numquam labore tempora.,positive
Voluptatem labore magnam amet dolor voluptatem tempora.,negative
Neque ipsum ipsum magnam ut aliquam dolore.,positive
Quisquam magnam etincidunt velit quisquam velit.,negative
Modi consectetur labore porro neque dolore sed tempora.,negative
Magnam consectetur sed amet sed sit aliquam.,negative
Quiquia quiquia eius dolor tempora.,positive
Quiquia neque quaerat est neque.,positive
Eius voluptatem velit modi etincidunt quisquam.,positive
Sed ipsum velit sed.,negative
Quiquia dolor aliquam quiquia eius sit.,negative
Numquam quaerat velit quisquam modi ut sed.,positive
Tempora amet est amet adipisci.,positive
Quiquia dolor sit consectetur neque tempora.,positive
Sit magnam modi est consectetur.,negative
Neque modi sit sed numquam sit sed.,positive
Porro consectetur numquam dolor dolor eius aliquam etincidunt.,negative
Modi amet consectetur ipsum ut.,negative
Consectetur sit sed eius etincidunt.,positive
Numquam quiquia adipisci tempora sit amet modi.,positive
Quisquam quisquam dolore labore.,negative
Quiquia dolore voluptatem dolore magnam non quisquam.,negative
Sed numquam quaerat etincidunt velit quiquia.,positive
Velit dolorem dolorem sed dolorem ipsum labore quiquia.,negative
Etincidunt numquam amet tempora.,negative
Tempora neque ipsum voluptatem.,positive
Sit modi non quiquia porro adipisci.,positive
Magnam dolore adipisci etincidunt non.,negative
Amet tempora ipsum etincidunt.,negative
Est numquam quaerat quaerat labore.,negative
Dolore quisquam tempora neque dolor.,negative
Sit velit magnam consectetur ut ut modi tempora.,positive
Adipisci quisquam non est quaerat etincidunt sed.,positive
Dolorem quiquia numquam est.,positive
Quisquam porro numquam magnam labore neque est consectetur.,negative
Labore sit velit dolorem adipisci eius numquam est.,negative
Labore ipsum consectetur adipisci non tempora.,negative
Quiquia sit porro consectetur aliquam numquam sed est.,negative
Aliquam quiquia adipisci ipsum modi voluptatem tempora neque.,positive
Dolor dolorem modi modi dolore neque.,positive
Eius etincidunt sit quaerat porro voluptatem est ipsum.,negative
Amet sit tempora numquam tempora.,positive
Sed non dolorem quisquam modi est velit.,positive
Ut ut dolor numquam etincidunt.,positive
Quiquia ipsum ipsum velit.,positive
Quiquia quisquam tempora ut velit magnam velit consectetur.,positive
Adipisci dolorem aliquam sed.,negative
Dolor ipsum quiquia ipsum.,negative
Non ut consectetur neque ut.,positive
Tempora tempora tempora quaerat.,positive
Voluptatem quaerat dolore porro dolorem modi.,negative
Adipisci consectetur eius magnam.,negative
Numquam porro aliquam ut.,positive
Neque porro eius numquam quaerat magnam labore.,negative
Quaerat quisquam dolorem adipisci.,positive
Ut ut velit magnam.,positive
Sit est velit ut dolor sit quiquia.,positive
Amet quiquia adipisci porro quiquia est ut.,positive
Tempora neque etincidunt consectetur etincidunt modi ipsum aliquam.,negative
Est modi quiquia adipisci consectetur numquam labore modi.,positive
Quisquam quiquia porro tempora dolore tempora porro sed.,negative
Labore dolore non modi magnam dolorem quiquia neque.,negative
Magnam neque sed non neque.,negative
Dolore sit adipisci sit dolor est dolorem quaerat.,positive
Dolorem amet amet non dolorem aliquam.,positive
Dolorem voluptatem velit quaerat sed sit velit.,positive
Aliquam non ipsum magnam modi porro non dolor.,positive
Adipisci magnam quisquam non sed voluptatem quisquam.,negative
Aliquam neque magnam porro dolorem dolore sed.,negative
Non ipsum porro dolore dolorem sed amet.,negative
Eius velit quaerat voluptatem quiquia velit amet.,negative
Dolor quaerat dolore magnam labore eius eius.,negative
Dolor est non tempora.,negative
Aliquam modi tempora quaerat non labore ipsum.,negative
Ipsum ipsum voluptatem numquam sed.,positive
Numquam velit est aliquam labore adipisci.,negative
Labore quaerat voluptatem numquam quaerat non velit.,negative
Quaerat velit numquam porro.,positive
Quisquam dolorem modi velit.,negative
Sed ut sit ut quiquia.,positive
Neque quaerat ipsum ut labore.,negative
Ut consectetur velit dolor sed tempora eius sed.,positive
Est non non neque.,positive
Quisquam eius est est aliquam porro porro sed.,positive
Aliquam dolorem neque non magnam dolore.,negative
Numquam etincidunt numquam labore.,positive
Tempora voluptatem quaerat modi modi.,negative
Etincidunt quaerat numquam consectetur modi aliquam dolor magnam.,positive
Voluptatem sed numquam aliquam.,negative
Etincidunt voluptatem labore est est.,positive
Numquam eius sit quiquia dolorem quiquia dolorem.,positive
Aliquam adipisci quiquia velit consectetur dolor.,negative
Ut numquam numquam non tempora est eius.,positive
Modi est quiquia dolor etincidunt adipisci velit.,positive
Est amet aliquam voluptatem ut.,positive
Tempora labore eius modi labore adipisci sit adipisci.,positive
Magnam labore ipsum magnam.,positive
Dolore quisquam dolore non aliquam quiquia.,positive
Labore modi etincidunt quiquia.,positive
Aliquam neque dolor neque numquam quiquia.,positive
Adipisci amet ut dolor.,negative
Etincidunt aliquam non voluptatem aliquam aliquam porro.,positive
Est neque modi quaerat dolorem magnam quiquia modi.,negative
Amet adipisci voluptatem non.,positive
Voluptatem amet non dolorem adipisci ipsum dolore.,positive
Dolor ut magnam modi dolorem dolor sit voluptatem.,negative
Ipsum eius porro aliquam eius sed numquam.,positive
Voluptatem neque consectetur consectetur.,negative
Tempora porro eius dolore voluptatem eius.,negative
Ipsum aliquam sit dolorem.,positive
Amet eius aliquam modi quaerat voluptatem quisquam.,negative
Dolorem velit quiquia quaerat quaerat adipisci neque.,negative
Neque sit consectetur dolore ipsum labore dolore porro.,negative
Magnam quaerat ipsum modi.,positive
Dolorem quiquia adipisci etincidunt neque.,positive
Ut porro sit quaerat etincidunt tempora.,negative
Ut amet est tempora.,positive
Dolore est sit velit dolor quiquia magnam.,negative
Est voluptatem est aliquam voluptatem porro numquam porro.,positive
Dolorem non dolorem magnam modi tempora.,positive
Quiquia adipisci voluptatem amet.,negative
Quaerat tempora ut velit amet ut magnam.,positive
Numquam modi ut adipisci dolore.,positive
Dolorem ut dolorem quiquia adipisci quiquia.,positive
Ut quiquia ipsum numquam tempora tempora non.,negative
Aliquam modi aliquam aliquam dolore consectetur.,positive
Magnam dolore quisquam numquam adipisci amet.,positive
Labore etincidunt sit amet voluptatem non.,negative
Ipsum aliquam dolorem eius quaerat neque voluptatem sit.,positive
Est dolor quaerat neque dolor.,positive
Aliquam non eius dolorem.,positive
Quiquia dolor ut voluptatem aliquam.,positive
Quiquia aliquam sit velit aliquam velit.,negative
Numquam sed neque sed aliquam quaerat.,negative
Numquam tempora quiquia eius numquam sit.,negative
Modi ipsum dolorem quisquam neque tempora neque.,positive
Adipisci sed tempora tempora.,negative
Modi porro quiquia quisquam sed consectetur non.,negative
Adipisci quiquia quiquia dolore adipisci quaerat quiquia modi.,positive
Numquam velit consectetur adipisci modi velit est.,positive
Porro est neque quaerat labore eius porro neque.,positive
Ut quiquia ut aliquam quaerat neque magnam.,positive
Etincidunt numquam non velit sit neque amet.,negative
Porro etincidunt neque dolorem velit voluptatem dolor eius.,negative
Tempora velit eius modi ipsum consectetur consectetur magnam.,positive
Quiquia ut amet quiquia.,negative
Modi etincidunt modi quiquia est adipisci etincidunt porro.,negative
Voluptatem quaerat magnam labore labore sit.,positive
Quaerat sit labore tempora labore tempora tempora.,negative
Voluptatem est dolor consectetur tempora etincidunt.,negative
Modi dolorem quisquam etincidunt dolorem.,positive
Amet consectetur amet dolore consectetur voluptatem.,negative
Magnam porro labore velit aliquam dolor.,positive
Quisquam magnam numquam porro numquam.,positive
Aliquam ut labore quaerat.,positive
Adipisci velit consectetur labore non voluptatem quisquam.,negative
Dolore amet magnam dolorem magnam labore.,negative
Dolor voluptatem tempora neque.,positive
Numquam adipisci sed adipisci labore adipisci.,negative
Dolor dolore numquam eius dolor.,negative
Voluptatem ipsum amet ipsum aliquam magnam tempora.,negative
Aliquam dolorem est quiquia ut eius adipisci.,positive
Ipsum eius neque dolorem dolorem labore dolore eius.,positive
Est ipsum labore non ut voluptatem.,negative
Ut magnam non adipisci quiquia sit.,negative
Amet dolore adipisci labore quaerat sit quaerat.,negative
Labore amet labore amet dolorem consectetur.,negative
Dolore modi modi eius.,positive
Quaerat numquam quiquia voluptatem neque aliquam.,positive
Magnam dolorem adipisci consectetur dolore ut neque.,positive
Ipsum etincidunt sit dolor sit voluptatem.,positive
Sed labore magnam voluptatem.,positive
Amet ut eius voluptatem labore.,positive
Sed neque sed dolor dolor.,negative
Tempora ipsum amet magnam ipsum dolorem dolor neque.,positive
Ipsum quiquia quisquam consectetur.,negative
Consectetur sit porro labore.,positive
Velit velit consectetur modi sit.,positive
Quiquia porro labore voluptatem eius dolore modi sit.,positive
Ipsum consectetur velit eius.,positive
Adipisci ut tempora neque.,negative
Quisquam tempora sit labore consectetur.,negative
Ipsum consectetur etincidunt quisquam est aliquam est dolorem.,negative
Sed modi dolore dolorem neque aliquam.,negative
Etincidunt labore labore sit adipisci.,positive
Etincidunt ut neque sit labore.,positive
Amet magnam consectetur ipsum consectetur magnam non.,positive
Sed magnam etincidunt ut.,negative
Consectetur velit dolorem ut consectetur tempora.,positive
Porro adipisci aliquam labore dolore tempora numquam.,negative
Sed tempora est labore dolorem velit labore dolore.,negative
Est consectetur ipsum voluptatem tempora.,negative
Aliquam modi voluptatem etincidunt porro modi dolor magnam.,negative
Adipisci quisquam non tempora ut dolore.,negative
Sit sit dolor labore tempora neque quaerat.,negative
Magnam dolore etincidunt consectetur modi porro magnam.,positive
Ut sed est porro labore.,negative
Non voluptatem dolor dolorem modi.,negative
Quisquam consectetur tempora neque amet ipsum.,negative
Est ipsum numquam porro aliquam dolorem sit dolorem.,negative
Tempora est velit tempora adipisci.,negative
Consectetur voluptatem tempora est.,positive
Voluptatem numquam amet dolor non velit neque ut.,positive
Sit numquam ut eius quiquia ut etincidunt.,negative
Etincidunt aliquam velit modi aliquam numquam etincidunt.,positive
Ut labore quisquam velit tempora labore tempora.,positive
Magnam quaerat ipsum non.,negative
Quisquam sit aliquam consectetur voluptatem.,positive
Voluptatem voluptatem tempora dolor.,positive
Dolorem porro non numquam neque neque.,positive
Dolore dolorem labore quisquam ut quisquam.,negative
Eius modi labore neque consectetur modi.,negative
Quiquia sed ipsum aliquam porro amet.,negative
Voluptatem dolore consectetur porro.,negative
Dolore adipisci etincidunt velit porro.,negative
Aliquam neque magnam neque dolor dolor.,negative
Sed tempora eius adipisci.,negative
Velit voluptatem labore consectetur eius quisquam sit.,negative
Quiquia aliquam ut adipisci dolore labore non.,negative
Numquam non tempora sit adipisci numquam labore consectetur.,positive
Sed aliquam neque amet ipsum sit dolore non.,positive
Neque voluptatem consectetur amet est aliquam quiquia dolorem.,negative
Neque magnam tempora velit adipisci dolorem.,positive
Dolore amet dolore ut dolorem ut aliquam.,negative
Dolorem numquam numquam quisquam est velit.,negative
Consectetur ipsum dolorem modi etincidunt neque aliquam.,positive
Non eius labore ipsum magnam labore.,positive
Numquam labore neque quiquia amet ut dolorem.,positive
Etincidunt labore tempora ut aliquam.,positive
Dolore porro etincidunt sit.,negative
Quisquam amet consectetur amet quisquam neque est ipsum.,negative
Neque quisquam non magnam adipisci est ut magnam.,negative
Adipisci aliquam labore neque etincidunt sed ipsum.,negative
Tempora magnam ut amet.,positive
Labore tempora modi voluptatem.,positive
Tempora magnam eius consectetur.,positive
Adipisci amet voluptatem voluptatem adipisci sed.,negative
Est dolore modi aliquam ipsum velit.,negative
Porro ipsum porro velit voluptatem velit consectetur.,negative
Porro quisquam quaerat sit quisquam sed porro modi.,negative
Consectetur amet consectetur porro etincidunt etincidunt adipisci.,negative
Neque dolorem neque amet est est.,positive
Numquam sit numquam non ut quiquia adipisci porro.,positive
Dolore dolor modi dolor tempora porro.,positive
Modi adipisci consectetur amet.,positive
Adipisci labore quisquam amet.,positive
Sit dolor ut magnam.,positive
Ut tempora magnam adipisci consectetur consectetur.,positive
Voluptatem ipsum magnam quaerat velit sit sed.,negative
Quaerat dolor aliquam quisquam non magnam quiquia velit.,negative
Magnam consectetur adipisci consectetur non quiquia est dolor.,positive
Dolorem adipisci dolor aliquam dolore eius.,negative
Dolor non dolor sit sit quisquam modi numquam.,positive
Ipsum dolore sed neque.,positive
Porro consectetur velit consectetur est ipsum ut adipisci.,negative
Voluptatem labore modi magnam voluptatem quisquam porro dolor.,negative
Ut non ut numquam porro adipisci etincidunt.,negative
Quisquam ipsum quiquia quisquam est non est.,positive
Adipisci quaerat dolorem porro tempora sit.,positive
Etincidunt tempora est numquam dolorem dolore.,negative
Dolorem non sed amet non.,positive
Non quisquam velit eius numquam ipsum quaerat.,positive
Adipisci voluptatem neque dolore est labore magnam velit.,negative
Non ut velit dolore voluptatem sit voluptatem.,negative
Quiquia dolore consectetur etincidunt dolorem.,negative
Tempora adipisci quisquam dolorem quiquia.,positive
Eius dolorem dolor quaerat adipisci.,negative
Ipsum voluptatem magnam quaerat voluptatem numquam.,positive
Ut neque porro adipisci labore adipisci magnam.,negative
Est dolorem etincidunt magnam amet porro.,negative
Consectetur quiquia sed dolorem quisquam.,positive
Velit consectetur voluptatem adipisci tempora voluptatem.,negative
Neque etincidunt amet quiquia adipisci.,positive
Consectetur sed sed voluptatem dolore sed.,positive
Eius labore dolor sit dolor sed ipsum dolor.,positive
Aliquam magnam magnam neque ut.,negative
Sit ipsum adipisci sit.,positive
Porro sit dolore eius dolore sed voluptatem porro.,negative
Amet neque ut ipsum labore.,positive
Labore quisquam quisquam magnam amet dolore sit.,negative
Voluptatem tempora neque consectetur consectetur.,negative
Neque amet ipsum etincidunt.,positive
Quisquam sed tempora dolorem eius velit tempora.,negative
Sed quaerat labore est sed.,negative
Dolor porro eius aliquam dolore.,negative
Non ut sed consectetur ipsum consectetur sit.,positive
Ut dolorem sit adipisci.,positive
Neque etincidunt sed sed eius quaerat.,negative
Adipisci voluptatem modi quiquia labore eius consectetur ipsum.,negative
Consectetur quiquia etincidunt dolorem.,positive
Sed eius quaerat labore consectetur voluptatem.,negative
Consectetur magnam eius etincidunt est sed tempora dolore.,positive
Amet non quisquam ut magnam numquam aliquam.,negative
Aliquam labore non dolore non.,negative
Magnam etincidunt est tempora quaerat.,positive
Non quisquam magnam numquam est.,positive
Adipisci aliquam dolorem labore quaerat.,positive
Dolorem quiquia quiquia numquam non quisquam est.,negative
Numquam numquam velit quaerat quiquia voluptatem.,negative
Ipsum modi labore dolorem sed modi.,negative
Eius non velit etincidunt modi consectetur tempora porro.,positive
Voluptatem tempora amet consectetur aliquam.,positive
Sed neque sit dolor neque est amet quiquia.,negative
Magnam sit magnam neque ut consectetur.,positive
Consectetur sit magnam ipsum consectetur adipisci dolore.,positive
Amet etincidunt consectetur ipsum.,negative
Quaerat dolore quiquia ut magnam quisquam consectetur.,negative
Non consectetur quaerat tempora dolore labore.,negative
Dolor magnam ut magnam velit sed.,positive
Labore adipisci quiquia quisquam magnam.,negative
Consectetur ipsum voluptatem modi consectetur dolorem dolorem.,negative
Dolore labore aliquam quaerat dolor dolor etincidunt.,negative
Est aliquam est magnam non amet etincidunt.,negative
Labore etincidunt velit labore sed ut.,positive
Porro modi etincidunt sed numquam quiquia adipisci neque.,negative
Quiquia sed quaerat dolore modi dolorem est.,negative
Consectetur quaerat ipsum ut ut ut.,negative
Tempora labore quisquam porro labore.,negative
Dolorem ut quiquia sed numquam ut tempora.,negative
Porro adipisci quiquia quaerat.,positive
Dolor voluptatem etincidunt est velit.,negative
Eius adipisci ut numquam dolore ipsum tempora.,positive
Magnam non non quiquia voluptatem modi dolore modi.,negative
Neque adipisci amet quaerat.,positive
Aliquam aliquam sit quiquia.,negative
Ipsum quiquia sed adipisci adipisci.,positive
Eius velit ut sed ut dolor.,positive
Tempora ipsum velit tempora sed sit.,negative
Amet sed quaerat adipisci dolore etincidunt aliquam.,positive
Ipsum porro numquam ut neque dolorem amet adipisci.,negative
Numquam numquam sit aliquam etincidunt quaerat magnam.,positive
Quaerat labore porro magnam quisquam modi quiquia.,positive
Etincidunt sit quaerat quiquia voluptatem magnam.,positive
Porro ipsum dolorem consectetur numquam labore.,positive
Etincidunt quisquam voluptatem est porro dolore.,negative
Numquam velit tempora velit.,negative
Porro ipsum adipisci tempora velit labore numquam.,negative
Magnam numquam consectetur quaerat consectetur magnam dolorem neque.,negative
Etincidunt amet eius ipsum eius sit voluptatem.,positive
Quisquam dolor adipisci voluptatem.,negative
Velit amet etincidunt quaerat labore quiquia consectetur est.,negative
Quiquia quisquam sit labore adipisci sit ut.,positive
Quiquia modi dolor non ipsum etincidunt voluptatem.,positive
Quiquia est ipsum amet quiquia.,negative
Porro magnam numquam velit voluptatem.,positive
Labore voluptatem non est est.,negative
Voluptatem quiquia adipisci dolore adipisci sed velit modi.,negative
Magnam est modi quiquia tempora dolorem ut.,positive
Est quiquia quisquam quiquia etincidunt tempora.,positive
Aliquam neque sed velit.,positive
Numquam modi modi modi etincidunt dolore consectetur.,negative
Numquam ipsum etincidunt porro.,negative
Quisquam quaerat numquam modi.,negative
Etincidunt ut ipsum magnam numquam quisquam.,negative
Labore adipisci numquam est.,positive
Dolor etincidunt amet voluptatem quaerat modi quiquia est.,positive
Sit numquam sit amet non neque quiquia eius.,negative
Dolorem modi sed modi etincidunt numquam est.,positive
Dolorem consectetur consectetur est quaerat quaerat.,negative
Sit eius dolor quaerat sit.,positive
Magnam magnam numquam dolore non amet tempora.,positive
Numquam eius tempora dolor ut dolorem.,negative
Aliquam quiquia labore tempora.,negative
Velit dolore labore quaerat numquam.,negative
Tempora voluptatem sit est neque dolore quiquia.,positive
Eius amet consectetur aliquam porro voluptatem.,negative
Labore consectetur quaerat non voluptatem ipsum est.,negative
Est consectetur quaerat eius modi.,positive
Ut non tempora velit amet.,negative
Quaerat est ut porro quiquia etincidunt eius.,negative
Amet est quisquam eius sed amet.,negative
Aliquam dolor velit sed ipsum neque.,negative
Tempora numquam ipsum labore etincidunt labore.,negative
Quiquia est sed neque dolorem porro.,positive
Sed sed ut sit.,positive
Eius sed quiquia dolor labore.,positive
Aliquam sit numquam ipsum.,negative
Quiquia quiquia dolore non.,negative
Eius ut quiquia modi modi ipsum.,negative
Sit consectetur quaerat numquam.,positive
Labore ipsum porro quiquia.,positive
Neque dolorem dolor porro sed voluptatem tempora.,negative
Ut dolor consectetur etincidunt dolore modi.,positive
Amet neque est voluptatem sed sed.,negative
Sed est tempora labore quiquia velit quaerat ipsum.,negative
Ipsum neque dolorem ut eius amet magnam aliquam.,negative
Quisquam non neque ipsum quisquam.,negative
Modi amet amet voluptatem etincidunt non labore amet.,positive
Quaerat dolor consectetur etincidunt quiquia aliquam dolore dolorem.,positive
Dolore quiquia non aliquam etincidunt dolore consectetur.,negative
Aliquam dolor est dolorem neque eius aliquam modi.,positive
Quaerat quiquia adipisci dolore.,positive
Neque adipisci consectetur neque ipsum aliquam est.,negative
Non numquam ipsum etincidunt eius.,negative
Tempora labore quaerat dolor quisquam non adipisci.,positive
Voluptatem quaerat quiquia quisquam quiquia.,negative
Dolore porro quaerat quaerat magnam quaerat aliquam etincidunt.,positive
Quisquam magnam numquam tempora.,positive
Modi modi modi dolorem eius ipsum.,negative
Ut sed etincidunt quaerat est non tempora magnam.,negative
Consectetur adipisci amet dolor tempora dolorem ut.,positive
Labore amet eius velit adipisci dolor.,negative
Non numquam eius non quaerat.,negative
Ut numquam voluptatem quisquam.,negative
Dolore porro quiquia dolore.,positive
Aliquam quiquia neque neque sit adipisci non etincidunt.,negative
Quiquia dolorem non dolor quiquia modi sit etincidunt.,positive
Quisquam numquam modi ipsum porro est.,negative
Est quaerat non velit eius non.,positive
Velit tempora voluptatem quaerat ut labore non.,negative
Sit etincidunt est quisquam non.,negative
Aliquam labore dolor dolore neque.,negative
Tempora quisquam quisquam sit voluptatem.,negative
Velit numquam quiquia dolorem eius voluptatem.,positive
Amet aliquam quisquam voluptatem.,negative
Tempora ipsum non dolor etincidunt.,positive
Consectetur tempora etincidunt quaerat.,negative
Dolor quaerat non non.,positive
Ut aliquam ipsum porro aliquam etincidunt labore quaerat.,positive
Tempora numquam non eius.,negative
Quisquam voluptatem tempora quiquia labore magnam.,positive
Quiquia magnam porro dolore labore tempora.,negative
Etincidunt magnam quisquam non labore dolor quisquam neque.,negative
Numquam numquam aliquam aliquam ut quisquam est.,negative
Tempora velit dolor dolorem consectetur.,positive
Numquam porro amet etincidunt consectetur.,positive
Eius ut ipsum neque.,negative
Sit adipisci etincidunt sed consectetur neque ipsum.,negative
Magnam magnam etincidunt porro.,positive
Ipsum numquam dolore sed eius eius.,negative
Sed velit non quisquam.,positive
Quiquia sit modi dolorem quiquia amet ut quaerat.,positive
Dolor etincidunt magnam sed ut modi ipsum porro.,negative
Ipsum ipsum modi ut amet ut voluptatem.,negative
Modi eius adipisci dolor adipisci aliquam quiquia dolore.,positive
Quaerat quiquia numquam aliquam non.,negative
Aliquam modi sit quaerat neque tempora sed neque.,positive
Numquam neque neque ut est non.,positive
Quaerat etincidunt eius quiquia non numquam dolorem.,negative
Etincidunt consectetur numquam voluptatem.,positive
Amet sit consectetur magnam magnam consectetur.,positive
Porro est consectetur magnam.,positive
Dolorem labore voluptatem dolore.,positive
Est quisquam magnam labore.,negative
Porro consectetur est sit consectetur non est dolor.,positive
Adipisci labore ipsum neque neque est dolor.,negative
Numquam consectetur est sed.,negative
Non est aliquam aliquam.,negative
Eius dolor quaerat amet numquam.,positive
Modi magnam neque neque magnam non aliquam eius.,positive
Dolore tempora quisquam etincidunt quiquia voluptatem.,positive
Consectetur neque eius labore sed.,positive
Eius eius porro ipsum.,negative
Adipisci aliquam dolor adipisci labore quisquam numquam.,negative
Non est quaerat labore adipisci.,positive
Modi ipsum modi eius quaerat etincidunt voluptatem.,positive
Modi voluptatem dolor dolore etincidunt ut velit.,negative
Ut numquam dolor dolore aliquam adipisci sit.,positive
Quisquam dolore labore amet modi.,positive
Modi quaerat neque consectetur magnam velit modi.,positive
Neque modi quiquia amet tempora quiquia neque.,negative
Amet dolore sit modi sed etincidunt etincidunt labore.,negative
Consectetur numquam neque labore.,positive
Est ipsum sed velit dolorem ut voluptatem adipisci.,negative
Ipsum amet quaerat dolorem.,negative
Quiquia etincidunt ut dolor.,negative
Quisquam magnam amet amet.,positive
Ipsum quiquia etincidunt eius quisquam dolore consectetur.,negative
Consectetur consectetur non quiquia dolorem voluptatem adipisci non.,positive
Sit est aliquam non dolorem.,negative
Numquam numquam quiquia sit neque.,negative
Amet est quiquia etincidunt labore.,positive
Adipisci non labore etincidunt adipisci numquam.,positive
Dolor modi etincidunt voluptatem labore sit ut.,positive
Dolore dolore est sed labore etincidunt porro sed.,positive
Porro dolorem ipsum sit amet consectetur.,positive
Magnam est magnam eius amet.,negative
Sit ipsum tempora velit eius dolore velit dolore.,positive
Dolore voluptatem velit dolore sit.,negative
Quiquia dolor non quaerat.,positive
Etincidunt quaerat dolore est est.,negative
Voluptatem quaerat consectetur adipisci neque dolore.,negative
Labore numquam sit numquam.,negative
Magnam dolorem adipisci quiquia labore labore porro.,positive
Porro quiquia quiquia neque quisquam tempora dolore numquam.,negative
Velit non adipisci labore ut dolorem dolor quisquam.,positive
Dolorem est dolor adipisci quaerat ipsum labore dolor.,positive
Amet labore labore quiquia voluptatem quiquia modi quisquam.,negative
Est sit numquam quiquia sit adipisci.,positive
Eius non non amet.,negative
Tempora quisquam eius tempora amet.,negative
Sed aliquam consectetur sit adipisci dolor.,positive
Quiquia etincidunt adipisci adipisci velit eius est non.,positive
Magnam non etincidunt quaerat ipsum aliquam quiquia porro.,positive
Modi quiquia tempora labore.,negative
Numquam dolorem tempora modi neque ipsum dolor amet.,positive
Sed numquam quisquam numquam quaerat neque ut amet.,negative
Etincidunt dolore porro est porro.,positive
Non ut dolor velit dolor dolor neque sit.,positive
Dolorem etincidunt consectetur est tempora numquam quisquam.,negative
Aliquam quiquia etincidunt consectetur modi labore.,negative
Sit numquam ut dolorem.,positive
Quaerat porro est magnam porro adipisci dolorem adipisci.,positive
Amet dolore sit velit ut ipsum.,positive
Quisquam magnam quaerat magnam aliquam amet est.,positive
Amet est neque magnam neque quisquam.,positive
Porro voluptatem magnam sit numquam voluptatem non.,positive
Dolor adipisci tempora est non dolore.,negative
Non velit ut quaerat dolor numquam consectetur.,negative
Labore neque quiquia labore magnam.,negative
Non porro modi non eius.,negative
Porro neque tempora tempora tempora sit est adipisci.,negative
Modi modi porro voluptatem modi consectetur eius.,positive
Amet magnam numquam consectetur dolorem consectetur ipsum.,negative
Quaerat porro adipisci adipisci ut.,negative
Est amet etincidunt eius dolor velit non magnam.,negative
Etincidunt numquam non neque magnam non amet.,negative
Tempora sit modi modi consectetur.,negative
Amet porro quaerat porro quisquam quisquam sit numquam.,negative
Porro sed magnam quaerat etincidunt velit magnam labore.,positive
Amet quiquia etincidunt magnam numquam quisquam amet.,negative
Amet quisquam velit adipisci consectetur labore modi.,positive
Voluptatem porro aliquam non etincidunt.,negative
Dolor sit porro aliquam velit.,negative
Quiquia aliquam dolore adipisci ipsum quiquia.,negative
Eius quaerat eius etincidunt etincidunt porro.,negative
Numquam dolor magnam sit est.,negative
Ut quisquam porro aliquam dolorem neque tempora.,positive
Etincidunt est quaerat quaerat neque.,negative
Ipsum neque sed quaerat.,negative
Adipisci neque sit numquam.,positive
Quisquam dolorem voluptatem velit voluptatem dolor numquam.,positive
Neque ut quiquia etincidunt amet quisquam eius non.,negative
Amet ipsum amet sed amet voluptatem quiquia.,negative
Tempora adipisci quaerat labore tempora numquam magnam labore.,positive
Numquam ut est numquam neque.,positive
Ipsum neque velit adipisci labore.,positive
Quiquia quiquia etincidunt dolore voluptatem sit.,positive
Est quaerat non eius magnam voluptatem.,positive
Dolor numquam tempora numquam porro dolorem.,positive
Porro sed quaerat quiquia tempora ipsum aliquam eius.,positive
Amet dolor modi quaerat labore quaerat est.,positive
Ipsum neque quaerat voluptatem eius dolore dolor non.,positive
Sit numquam non tempora est non ut.,negative
Est quisquam quiquia numquam consectetur numquam sit neque.,negative
Consectetur tempora porro amet.,negative
Voluptatem est ipsum numquam magnam ipsum labore adipisci.,positive
Neque dolore neque tempora ut.,negative
Dolor amet dolor etincidunt quiquia.,positive
Quiquia adipisci numquam non est neque est.,positive
Magnam adipisci aliquam dolor.,positive
Neque neque quisquam quiquia consectetur amet velit.,positive
Quiquia dolor est labore.,negative
Quisquam etincidunt non dolorem.,negative
Voluptatem labore tempora sed.,positive
Consectetur amet aliquam velit ipsum etincidunt.,positive
Tempora dolorem dolor voluptatem quiquia magnam.,positive
Dolor eius eius neque porro etincidunt tempora est.,negative
Tempora sit dolorem consectetur numquam.,positive
Dolorem consectetur non est.,negative
Amet dolor modi porro labore aliquam.,positive
Est amet tempora voluptatem magnam.,negative
Sit non quaerat est quaerat sed neque ut.,negative
Quiquia est porro porro.,negative
Sed dolor consectetur quisquam tempora non ut non.,positive
Modi eius non eius ut.,negative
Non dolorem velit numquam quiquia adipisci.,negative
Modi dolore quiquia magnam.,negative
Non adipisci voluptatem sed porro amet.,negative
Tempora aliquam amet numquam quisquam etincidunt tempora porro.,negative
Etincidunt dolore est quiquia porro.,negative
Adipisci quaerat tempora sed sed ut.,positive
Magnam quiquia quaerat dolorem labore sed consectetur.,negative
Ipsum eius ipsum velit quiquia dolorem quaerat.,negative
Est quaerat magnam tempora labore quaerat ipsum.,negative
Magnam dolorem aliquam magnam ipsum est ut est.,negative
Labore velit aliquam quiquia tempora velit.,negative
Neque porro magnam etincidunt sit voluptatem.,positive
Numquam est tempora velit.,positive
Adipisci ipsum velit quisquam eius.,negative
Consectetur ut etincidunt velit modi eius dolore porro.,positive
Amet velit neque eius modi.,positive
Etincidunt ipsum dolorem magnam magnam.,positive
Etincidunt porro dolore tempora labore.,negative
Modi consectetur sit amet amet non ipsum.,positive
Velit non consectetur magnam magnam quaerat.,negative
Quisquam modi dolorem magnam.,positive
Modi modi aliquam quiquia.,negative
Velit dolorem quiquia quisquam consectetur neque.,negative
Non aliquam quaerat ipsum velit quaerat aliquam.,positive
Est voluptatem ipsum quiquia.,positive
Voluptatem voluptatem numquam voluptatem dolor numquam porro.,positive
Eius tempora quaerat labore aliquam.,positive
Porro magnam adipisci quiquia quisquam etincidunt sed.,positive
Quaerat neque voluptatem quisquam etincidunt porro numquam consectetur.,negative
Ipsum quiquia dolore adipisci etincidunt.,positive
Sed est dolorem quaerat.,negative
Quisquam porro quiquia ipsum.,positive
Quaerat labore quaerat magnam.,negative
Quiquia neque ut quisquam etincidunt.,positive
Quaerat quaerat voluptatem aliquam.,positive
Quaerat est sit eius adipisci.,positive
Labore porro non eius consectetur dolore.,negative
Quiquia quisquam velit neque labore aliquam amet.,positive
Dolorem voluptatem dolore sit.,negative
Non velit numquam sit consectetur dolor modi.,positive
Labore etincidunt adipisci magnam.,positive
Non est sit sed voluptatem non.,negative
Est tempora non amet numquam aliquam.,negative
Eius sed numquam quisquam eius magnam amet dolor.,negative
Quiquia eius etincidunt dolorem est quiquia quaerat.,negative
Numquam etincidunt velit quisquam velit labore.,negative
Voluptatem voluptatem quaerat quiquia.,positive
Ut sit aliquam adipisci consectetur velit sed.,positive
Quaerat sed sit quaerat.,positive
Tempora quaerat modi dolor modi adipisci aliquam.,negative
Tempora porro quiquia quiquia quisquam quiquia etincidunt.,negative
Amet modi porro ut velit ut numquam amet.,negative
Amet adipisci modi velit.,negative
Amet etincidunt ut neque.,negative
Adipisci quaerat dolor ipsum non eius.,negative
Quisquam amet eius ipsum porro ipsum.,positive
Adipisci eius est labore sed non magnam amet.,positive
Eius sed aliquam velit sit labore eius tempora.,negative
Magnam tempora etincidunt voluptatem consectetur modi etincidunt.,negative
Ut ipsum dolorem sit porro etincidunt sit aliquam.,negative
Dolor etincidunt voluptatem tempora.,positive
Quisquam sed quiquia amet tempora etincidunt velit etincidunt.,positive
Dolor velit ut sed sit ut est non.,positive
Sed modi labore neque magnam quisquam ut voluptatem.,positive
Eius neque aliquam adipisci quisquam neque sed.,positive
Dolor porro sed numquam non ut etincidunt.,negative
Eius numquam tempora sit labore.,negative
Quisquam ipsum sed magnam dolor.,negative
Sit velit sit adipisci ipsum neque quisquam porro.,negative
Etincidunt amet sed aliquam.,positive
Tempora quisquam dolore ipsum ipsum sit adipisci.,negative
Sit ut porro tempora aliquam numquam ipsum dolor.,negative
Quisquam quiquia numquam dolore amet porro ut sit.,negative
Voluptatem sit dolorem sed est magnam ut.,negative
Consectetur magnam neque voluptatem.,negative
Sit labore ut numquam neque quisquam magnam velit.,positive
Est sit labore ipsum est.,negative
Aliquam non non modi.,positive
Ipsum sed neque ipsum dolor sit adipisci.,positive
Magnam adipisci velit velit sit ipsum.,positive
Aliquam consectetur porro velit.,negative
Modi sed sed neque.,positive
Quisquam modi neque quaerat.,negative
Amet dolore numquam dolor.,positive
Labore ut porro quisquam consectetur velit aliquam quaerat.,positive
Sit ut ut dolore velit dolore ut.,positive
Aliquam quisquam non est non numquam amet eius.,positive
Quiquia neque est sed ut est.,positive
Consectetur quisquam amet consectetur labore labore consectetur.,negative
Porro labore neque eius aliquam.,positive
Magnam etincidunt modi tempora.,positive
Tempora voluptatem magnam voluptatem porro dolor.,negative
Porro amet eius numquam eius magnam.,negative
Dolor etincidunt non neque numquam etincidunt labore.,negative
Ut aliquam quaerat modi ut numquam quiquia ipsum.,positive
Velit numquam ipsum quaerat non est dolor.,negative
Est numquam sit est adipisci.,positive
Labore etincidunt sed sit est dolorem sit.,negative
Amet sed sit modi etincidunt dolorem.,negative
Ut neque numquam sed.,positive
Voluptatem magnam eius porro.,positive
Dolorem voluptatem labore non non eius quiquia.,positive
Velit ipsum etincidunt porro magnam dolore etincidunt aliquam.,negative
Amet labore dolore eius.,positive
Dolorem quiquia labore quisquam.,positive
Amet dolore quiquia adipisci.,positive
Voluptatem amet sit numquam.,negative
Adipisci amet ut quaerat dolorem magnam sed adipisci.,negative
Consectetur non est velit sed.,negative
Numquam adipisci neque aliquam adipisci consectetur dolorem.,negative
Voluptatem voluptatem numquam neque adipisci.,negative
Non quisquam consectetur eius numquam.,negative
Non non sit quisquam.,negative
Sed eius dolore tempora.,negative
Tempora eius quiquia quiquia tempora modi.,positive
Quisquam dolorem aliquam sed.,negative
Porro quiquia velit velit ut sit labore amet.,positive
Consectetur non non sed dolor quisquam aliquam quiquia.,positive
Quisquam porro adipisci neque porro labore neque.,positive
Magnam quaerat non adipisci.,negative
Velit amet voluptatem sed.,negative
Quiquia amet modi non est porro.,negative
Consectetur eius tempora voluptatem quisquam dolore quiquia.,negative
Numquam neque numquam amet amet numquam amet.,positive
Dolore labore eius quiquia modi labore quaerat ut.,positive
Tempora quiquia neque adipisci est sed non.,positive
Porro sit dolorem quaerat non dolorem.,positive
Quaerat etincidunt dolor modi magnam non non.,negative
Eius dolor modi sit labore est sed non.,positive
Ipsum ipsum ipsum est modi quiquia magnam.,negative
Quiquia dolor quisquam etincidunt ipsum velit velit.,positive
Modi numquam eius porro.,positive
Dolore non labore adipisci dolore tempora.,positive
Quaerat adipisci quiquia quiquia non labore aliquam.,positive
Dolore porro porro velit dolor amet velit.,positive
Quaerat neque labore magnam.,negative
Non labore magnam est ut non.,positive
Quisquam velit non adipisci.,negative
Dolore eius amet quaerat adipisci non ipsum.,negative
Consectetur sit eius porro.,positive
Quisquam consectetur ipsum adipisci magnam est consectetur ipsum.,negative
Porro consectetur sit magnam.,negative
Dolore voluptatem adipisci amet est quaerat.,positive
Dolore sed amet aliquam.,positive
Dolor eius eius modi labore.,positive
Numquam dolor est dolore ipsum.,positive
Neque eius modi labore modi dolor.,negative
Quiquia sit est numquam labore quiquia numquam.,positive
Voluptatem adipisci est tempora adipisci.,negative
Modi velit eius ut quisquam dolore.,negative
Dolor porro labore adipisci labore ipsum.,positive
Numquam eius dolore eius quaerat adipisci ut.,positive
Non tempora sed quaerat.,positive
Voluptatem aliquam dolorem sed.,positive
Aliquam amet ut non velit velit dolor tempora.,negative
Numquam aliquam eius sed adipisci non modi modi.,positive
Etincidunt tempora neque adipisci.,positive
Non non sed ut porro.,positive
Eius magnam non etincidunt porro modi aliquam.,positive
Quaerat sit etincidunt etincidunt amet.,positive
Ut etincidunt consectetur labore tempora velit labore.,positive
Sit amet consectetur quaerat quisquam ut quiquia voluptatem.,negative
Ipsum voluptatem numquam quisquam labore quiquia sed.,positive
Est quaerat non adipisci tempora sit porro sed.,positive
Porro aliquam sit amet velit magnam modi.,positive
Est quaerat amet adipisci aliquam non quaerat.,positive
Porro numquam non voluptatem.,negative
Numquam modi amet tempora voluptatem non dolore.,negative
Sit dolore voluptatem velit.,positive
Velit labore tempora consectetur non sit neque voluptatem.,negative
Velit numquam modi non porro non.,negative
Labore quiquia numquam adipisci.,negative
Ipsum labore magnam aliquam velit.,negative
Ipsum tempora magnam quisquam etincidunt.,positive
Sit velit eius velit quisquam.,positive
Eius quiquia etincidunt numquam adipisci.,positive
Voluptatem tempora ut sed etincidunt adipisci numquam.,negative
Eius voluptatem quisquam dolore modi voluptatem magnam ut.,positive
Labore numquam quaerat non voluptatem labore.,negative
Aliquam aliquam neque ipsum dolorem.,positive
Quisquam est quiquia ipsum voluptatem consectetur adipisci sit.,negative
Magnam non ipsum ut dolore.,positive
Magnam neque modi etincidunt dolorem eius eius.,negative
Sit sit sit numquam est porro quisquam modi.,positive
Velit quaerat dolor labore quisquam sit quaerat etincidunt.,positive
Dolor dolor neque quaerat magnam ut tempora porro.,positive
Quisquam sed quiquia sit porro dolorem.,negative
Sit tempora quaerat dolore.,positive
Amet labore est magnam tempora etincidunt quaerat sit.,positive
Ut consectetur est sed dolor ipsum ipsum.,positive
Ut tempora dolore dolor.,negative
Adipisci sit non tempora voluptatem ipsum ipsum.,negative
Dolorem est modi magnam.,negative
Numquam numquam porro numquam.,negative
Quiquia voluptatem dolore quiquia porro numquam.,positive
Aliquam est ipsum quaerat.,negative
Ipsum magnam modi magnam.,positive
Neque ipsum etincidunt modi adipisci porro voluptatem sit.,negative
Quaerat dolorem quiquia dolorem sed neque consectetur.,negative
Magnam aliquam etincidunt dolore.,negative
Non non magnam dolorem modi quaerat.,negative
Consectetur modi labore consectetur aliquam neque consectetur.,negative
Dolorem quisquam neque tempora dolorem.,negative
Tempora tempora magnam tempora ut magnam.,positive
Magnam quaerat quaerat magnam.,negative
Sed ipsum quaerat eius sit.,negative
Sit tempora tempora dolore etincidunt adipisci dolor etincidunt.,negative
Voluptatem voluptatem quisquam consectetur quisquam neque eius quiquia.,positive
Sit neque quaerat adipisci aliquam.,positive
Consectetur labore amet quiquia eius quiquia adipisci.,positive
Est labore dolore ut sit.,negative
Adipisci tempora porro modi eius tempora quaerat.,positive
Etincidunt consectetur labore ut consectetur neque neque.,positive
Tempora quisquam etincidunt modi non sit quisquam sit.,negative
Est quaerat neque quiquia quisquam aliquam.,negative
Dolor voluptatem magnam quaerat labore magnam etincidunt tempora.,positive
Amet amet porro porro quisquam ipsum voluptatem velit.,positive
Quisquam est sed est.,negative
Aliquam non quiquia sed tempora amet adipisci.,negative
Dolor labore consectetur quaerat tempora.,positive
Quisquam consectetur non aliquam amet amet.,negative
Velit modi adipisci non dolorem quaerat est.,positive
Ipsum dolor aliquam dolorem.,positive
Est tempora non consectetur.,positive
Porro ut ipsum porro eius.,negative
Eius aliquam quisquam est aliquam etincidunt non.,negative
Dolore voluptatem modi ut consectetur neque.,positive
Dolor ipsum tempora quiquia non velit.,negative
Modi dolorem magnam voluptatem quiquia quisquam tempora modi.,positive
Adipisci aliquam non quaerat.,positive
Neque numquam modi ipsum ipsum voluptatem magnam.,positive
Quisquam consectetur adipisci amet aliquam quaerat quisquam.,positive
Quaerat consectetur dolor quiquia quisquam adipisci labore sed.,positive
Porro ut quisquam adipisci magnam velit aliquam amet.,positive
Dolore quiquia quisquam ut quiquia.,positive
Magnam voluptatem eius adipisci eius.,negative
Quiquia sit tempora est sit.,positive
Ipsum non quaerat non tempora dolorem.,positive
Consectetur dolor est etincidunt neque magnam.,negative
Labore adipisci quisquam adipisci porro.,positive
Quaerat aliquam etincidunt labore consectetur est.,positive
Dolore voluptatem voluptatem labore adipisci quaerat tempora.,positive
Sed dolore velit porro.,negative
Quaerat consectetur aliquam labore tempora.,negative
Voluptatem sed est numquam quaerat eius.,negative
Porro amet quisquam consectetur quaerat.,negative
Labore quiquia quisquam adipisci quaerat labore numquam.,positive
Quisquam dolore velit sit sed sit.,positive
Etincidunt dolore eius quisquam aliquam.,negative
Neque ipsum dolor tempora quisquam consectetur.,negative
Sed tempora modi ut velit etincidunt neque.,negative
Quaerat velit quisquam est sed consectetur.,negative
Sit magnam voluptatem consectetur.,negative
Adipisci magnam modi consectetur quiquia dolorem quiquia.,positive
Velit sed quisquam quisquam consectetur consectetur velit modi.,positive
Etincidunt eius quiquia sed numquam sed ut.,positive
Ipsum labore non numquam aliquam.,negative
Sit neque velit ipsum quaerat tempora.,negative
Sed numquam adipisci quisquam magnam.,positive
Consectetur dolore ipsum dolor.,positive
Amet modi ut labore quaerat.,negative
Modi dolor ut numquam sed quisquam numquam.,positive
Dolore quisquam sit aliquam aliquam.,positive
Ut magnam modi aliquam neque dolor.,positive
Est magnam amet tempora tempora.,negative
Voluptatem sed non quiquia modi eius.,positive
Sit sit neque numquam sit numquam.,positive
Dolor numquam ut labore velit.,negative
